Name,Rating,Reviews,Category,Address,Website,Phone,Url
"V-SAK TECHNOLOGIES","","","Computer service","Sai Mandir RdNear Post Office, Plot No. 8A, Chakradhar Nagar, Jawahar Nagar, Ayodhya nagar, Ayodhya, Nagpur, Maharashtra 440024","","","https://www.google.com/maps/place/V-SAK+TECHNOLOGIES/data=!4m7!3m6!1s0x3bd4b914e60d6ad1:0x72a0820e9873b726!8m2!3d21.1174559!4d79.1109003!16s%2Fg%2F11y1rx47my!19sChIJ0WoN5hS51DsRJrdzmA6CoHI?authuser=0&hl=en&rclk=1"
"HN Technology","","","Computer repair service","Plot no 3 shivsakti Nagar, Manewada, Nagpur, Maharashtra 440024","","","https://www.google.com/maps/place/HN+Technology/data=!4m7!3m6!1s0x3bd4bfd2da8566bd:0xb209f16d86babab9!8m2!3d21.1048113!4d79.1092174!16s%2Fg%2F11ghdrmpyy!19sChIJvWaF2tK_1DsRubq6hm3xCbI?authuser=0&hl=en&rclk=1"
"P-TECH ELECTRONICS","5.0","3","Electronics manufacturer","62, Ambika Nagar, Ayodhya nagar, Nagpur, Maharashtra 440024","","","https://www.google.com/maps/place/P-TECH+ELECTRONICS/data=!4m7!3m6!1s0x3bd4b9347a7719af:0xb0c02223051e5fe6!8m2!3d21.1133114!4d79.1112221!16s%2Fg%2F11g2121qkv!19sChIJrxl3ejS51DsR5l8eBSMiwLA?authuser=0&hl=en&rclk=1"
"Fusion Technology","4.8","23","Software company","A 81, Juni Shukrawari, Ganesh Nagar, Nandanvan, Nagpur, Maharashtra 440024","","0788 752 5546","https://www.google.com/maps/place/Fusion+Technology/data=!4m7!3m6!1s0x3bd4c79c1d59c8d7:0x539b7193b2cdcd9!8m2!3d21.1368204!4d79.1158727!16s%2Fg%2F11ts0rnlq1!19sChIJ18hZHZzH1DsR2dwsOxm3OQU?authuser=0&hl=en&rclk=1"
"Puro Technologies","","","Software company","10, East Balaji Nagar, Manewada Road, Nagpur, Maharashtra 440024","","093267 26811","https://www.google.com/maps/place/Puro+Technologies/data=!4m7!3m6!1s0x3bd4bf53dc169cad:0xdfd3f50fdae5d400!8m2!3d21.11492!4d79.1044611!16s%2Fg%2F11ddzwsz3q!19sChIJrZwW3FO_1DsRANTl2g_1098?authuser=0&hl=en&rclk=1"
"DIGITRON SOFTWARES AND TECHNOLOGY / Digital marketing /application development/ social media marketing","4.5","223","Software company","10A, c/o, Kharbi Rd, above SAI ENTERPRIESE, beside CANARA ATM, New Diamond Nagar, Shaktimata Nagar, Kharbi, Nagpur, Maharashtra 440024","https://digitronsoftwares.com/","077092 66577","https://www.google.com/maps/place/DIGITRON+SOFTWARES+AND+TECHNOLOGY+%2F+Digital+marketing+%2Fapplication+development%2F+social+media+marketing/data=!4m7!3m6!1s0x3bd4c7d17a003eb1:0x5935cf9713952ca7!8m2!3d21.1261222!4d79.1353013!16s%2Fg%2F11h5l_m9t1!19sChIJsT4AetHH1DsRpyyVE5fPNVk?authuser=0&hl=en&rclk=1"
"ConnectIn Technologies Ltd","","","Software company","4475+Q62, Rajanigandh, Ambika Nagar, Ayodhya nagar, Nagpur, Maharashtra 440024","https://www.reconnectintech.com/","087675 06492","https://www.google.com/maps/place/ConnectIn+Technologies+Ltd/data=!4m7!3m6!1s0x3bd4bf531be199a1:0xdfabbb0a60367338!8m2!3d21.1143999!4d79.1080064!16s%2Fg%2F11mnln3bqq!19sChIJoZnhG1O_1DsROHM2YAq7q98?authuser=0&hl=en&rclk=1"
"S4 Technology","","","Software company","R-105, Medical Chowk, Reshimbag, Hanuman Nagar, Nagpur, Maharashtra 440009","","0712 270 3883","https://www.google.com/maps/place/S4+Technology/data=!4m7!3m6!1s0x3bd4c0af6785ee89:0x99cccbf98ce70fc7!8m2!3d21.1296186!4d79.0990544!16s%2Fg%2F11hzlz83dy!19sChIJie6FZ6_A1DsRxw_njPnLzJk?authuser=0&hl=en&rclk=1"
"Nuflucon Technology | IT Solution","5.0","7","Software company","Plot No. 21 A, Substation, Ramna Maroti Mandir, behind Bachapn Play School, near Nirmal Nagar, Ramana Maruti Nagar, Nagpur, Maharashtra 440024","","070585 60579","https://www.google.com/maps/place/Nuflucon+Technology+%7C+IT+Solution/data=!4m7!3m6!1s0x3bd2d50fa382a125:0xdecb27cc33d91b0c!8m2!3d21.1238064!4d79.127473!16s%2Fg%2F11g22zhqkw!19sChIJJaGCow_V0jsRDBvZM8wny94?authuser=0&hl=en&rclk=1"
"Harsh Computer Technology","","","Computer support and services","KDK College Rd, Rajendra Nagar, Nandanvan, Nagpur, Maharashtra 440024","","077419 57809","https://www.google.com/maps/place/Harsh+Computer+Technology/data=!4m7!3m6!1s0x3bd4c7e3a76d152b:0xff8d1ba51a4b5588!8m2!3d21.1391172!4d79.1250524!16s%2Fg%2F11pkfnsy8n!19sChIJKxVtp-PH1DsRiFVLGqUbjf8?authuser=0&hl=en&rclk=1"
"SAR Tech Solution","4.0","1","Software company","148, Ayurvedic Layout, Raghuji Nagar, Nagpur, Maharashtra 440024","http://sartechsolution.com/","095030 56353","https://www.google.com/maps/place/SAR+Tech+Solution/data=!4m7!3m6!1s0x3bd4c755dda9dcbf:0x8f1bf7b32fccddd2!8m2!3d21.1248576!4d79.1148098!16s%2Fg%2F11rklx5sd7!19sChIJv9yp3VXH1DsR0t3ML7P3G48?authuser=0&hl=en&rclk=1"
"Ideas2goal Technology Pvt Ltd","5.0","3","Software company","Building 1st floor, Prakash, 326, Besa Raod, Akash Nagar, Manewada, Nagpur, Maharashtra 440024","https://www.ideas2goal.com/","080070 57000","https://www.google.com/maps/place/Ideas2goal+Technology+Pvt+Ltd/data=!4m7!3m6!1s0x3bd4bfd3a5f17725:0x171154f648d64fca!8m2!3d21.0989319!4d79.1037896!16s%2Fg%2F11tnvgppwh!19sChIJJXfxpdO_1DsRyk_WSPZUERc?authuser=0&hl=en&rclk=1"
"GrowBean Technologies Pvt. Ltd.","","","Software company","64/A, Ramana Maruti Nagar, Nandanvan, Nagpur, Maharashtra 440024","http://growbean.in/","0712 271 1726","https://www.google.com/maps/place/GrowBean+Technologies+Pvt.+Ltd./data=!4m7!3m6!1s0x3bd4b8a06f354a7f:0x5d1552332436fe94!8m2!3d21.123128!4d79.130251!16s%2Fg%2F11l2btg8r1!19sChIJf0o1b6C41DsRlP42JDNSFV0?authuser=0&hl=en&rclk=1"
"Bytez Technology - Digital Marketing agency in Nagpur","","","Software company","post office, plot no. 242, near hanuman nagar, Medical Chowk, Siraspeth, Nagpur, Maharashtra 440009","https://byteztechnology.com/","","https://www.google.com/maps/place/Bytez+Technology+-+Digital+Marketing+agency+in+Nagpur/data=!4m7!3m6!1s0x6c5a0935fd4aea5:0x25bf49cbc1ffe4f4!8m2!3d21.1291179!4d79.100223!16s%2Fg%2F11vhqgw8nk!19sChIJpa7UX5OgxQYR9OT_wctJvyU?authuser=0&hl=en&rclk=1"
"Creona Technology","5.0","1","Software company","106 A, Ram Kirana Store, Bus Stop, Near, Sai Mandir Rd, Sacchidanand Nagar, Ambika Nagar, Ayodhya nagar, Nagpur, Maharashtra 440024","","079725 13978","https://www.google.com/maps/place/Creona+Technology/data=!4m7!3m6!1s0x3bd4b9e36f04b81d:0xcda9712086534884!8m2!3d21.1115006!4d79.1104321!16s%2Fg%2F11fstx4623!19sChIJHbgEb-O51DsRhEhThiBxqc0?authuser=0&hl=en&rclk=1"
"UbiquityTechs","4.3","17","Software company","Prakash 663 326, Manewada Rd, Akash Nagar, Manewada, Nagpur, Maharashtra 440024","","","https://www.google.com/maps/place/UbiquityTechs/data=!4m7!3m6!1s0x3bd4b8b59c995555:0x9cfed4b9cb8dbbd!8m2!3d21.0987212!4d79.1037974!16s%2Fg%2F11f3vkz1qc!19sChIJVVWZnLW41DsRvdu4nEvtzwk?authuser=0&hl=en&rclk=1"
"Phenix Technologies","4.3","3","Software company","Plot No. 203, 1St Floor, near Sakkardara Telephone Exchange, behind Shailesh Kirana, Dattatray Nagar, Nagpur, Maharashtra 440024","","098224 71357","https://www.google.com/maps/place/Phenix+Technologies/data=!4m7!3m6!1s0x3bd4c75990d352a5:0x64ff8b302c840e3!8m2!3d21.1171766!4d79.1119147!16s%2Fg%2F1q66sxsvg!19sChIJpVLTkFnH1DsR40DIArP4TwY?authuser=0&hl=en&rclk=1"
"Argonne Technologies","","","Software company","101 Reshimbag Layout, Reshim Bagh, Nagpur, Maharashtra 440024","http://argonnetek.com/","086528 01740","https://www.google.com/maps/place/Argonne+Technologies/data=!4m7!3m6!1s0x3bd4c752f1a9e299:0x9370cc1341272a9!8m2!3d21.13282!4d79.111984!16s%2Fg%2F11rjssj_w2!19sChIJmeKp8VLH1DsRqXISNMEMNwk?authuser=0&hl=en&rclk=1"
"V-TECH SYSTEM","3.0","4","Computer service","Bande plot sq, Umred Rd, opposite Vishal Megha Mart, Nagpur, Maharashtra 440024","","097627 60311","https://www.google.com/maps/place/V-TECH+SYSTEM/data=!4m7!3m6!1s0x3bd4b9dd8d7de781:0xd727f75a536b9b5e!8m2!3d21.1240968!4d79.1175358!16s%2Fg%2F11h4nbltgb!19sChIJged9jd251DsRXptrU1r3J9c?authuser=0&hl=en&rclk=1"
"Sparsh Tech","4.5","23","Software company","Shop No. 168, RAJAT SANKUL Opp. S.T. Stand, Near Hotel Rahul Deluxe, Ganeshpeth Colony, Nagpur, Maharashtra 440018","http://www.sparshtech.com/","093737 97978","https://www.google.com/maps/place/Sparsh+Tech/data=!4m7!3m6!1s0x3bd4c1389da2ae69:0xa4f516788dceeff0!8m2!3d21.1373616!4d79.0941006!16s%2Fg%2F11hdjh6ggn!19sChIJaa6inTjB1DsR8O_OjXgW9aQ?authuser=0&hl=en&rclk=1"
"Sparsh Tech","4.5","23","Software company","Shop No. 168, RAJAT SANKUL Opp. S.T. Stand, Near Hotel Rahul Deluxe, Ganeshpeth Colony, Nagpur, Maharashtra 440018","http://www.sparshtech.com/","093737 97978","https://www.google.com/maps/place/Sparsh+Tech/data=!4m7!3m6!1s0x3bd4c1389da2ae69:0xa4f516788dceeff0!8m2!3d21.1373616!4d79.0941006!16s%2Fg%2F11hdjh6ggn!19sChIJaa6inTjB1DsR8O_OjXgW9aQ?authuser=0&hl=en&rclk=1"
"THREE TECHNOLOGY","3.0","7","Software company","South Ambazari Road, 67, Abhyankar Nagar Rd, Near petrol pump, Nagpur, Maharashtra 440010","","","https://www.google.com/maps/place/THREE+TECHNOLOGY/data=!4m7!3m6!1s0x3bd4c07ea72526d9:0x99f07d3e785fddc!8m2!3d21.1254269!4d79.0598794!16s%2Fg%2F11hbp5phcw!19sChIJ2SYlp37A1DsR3P2F59MHnwk?authuser=0&hl=en&rclk=1"
"VK Technology and Services","4.2","5","Software company","plot no26, Shriram nagar, Pawanbhumi, Wardha Rd, Somalwada, Nagpur, Maharashtra 440025","","090281 12958","https://www.google.com/maps/place/VK+Technology+and+Services/data=!4m7!3m6!1s0x3bd4bf163b7e224b:0xa5b46ec986317199!8m2!3d21.1005586!4d79.0684864!16s%2Fg%2F11j2fmsmql!19sChIJSyJ-Oxa_1DsRmXExhslutKU?authuser=0&hl=en&rclk=1"
"GrowBean Technologies Pvt. Ltd.","","","Software company","64/A, Ramana Maruti Nagar, Nandanvan, Nagpur, Maharashtra 440024","http://growbean.in/","0712 271 1726","https://www.google.com/maps/place/GrowBean+Technologies+Pvt.+Ltd./data=!4m7!3m6!1s0x3bd4b8a06f354a7f:0x5d1552332436fe94!8m2!3d21.123128!4d79.130251!16s%2Fg%2F11l2btg8r1!19sChIJf0o1b6C41DsRlP42JDNSFV0?authuser=0&hl=en&rclk=1"
"UbiquityTechs","4.3","17","Software company","Prakash 663 326, Manewada Rd, Akash Nagar, Manewada, Nagpur, Maharashtra 440024","","","https://www.google.com/maps/place/UbiquityTechs/data=!4m7!3m6!1s0x3bd4b8b59c995555:0x9cfed4b9cb8dbbd!8m2!3d21.0987212!4d79.1037974!16s%2Fg%2F11f3vkz1qc!19sChIJVVWZnLW41DsRvdu4nEvtzwk?authuser=0&hl=en&rclk=1"
"Actics Technologies","4.1","13","Software company","88-B, near Padole Medical, Bajrang Nagar, Rameshwari, Nagpur, Maharashtra 440027","","082379 47303","https://www.google.com/maps/place/Actics+Technologies/data=!4m7!3m6!1s0x3bd4bf8ef3fa3165:0xe3ff8b37703002c8!8m2!3d21.116177!4d79.1026725!16s%2Fg%2F11pkddxgtx!19sChIJZTH6846_1DsRyAIwcDeL_-M?authuser=0&hl=en&rclk=1"
"IRS Technologies Private Limited","","","Software company","Kharbi Rd, New Diamond Nagar, Shaktimata Nagar, Kharbi, Nagpur, Maharashtra 440024","http://irstechnologies.com/","072183 22846","https://www.google.com/maps/place/IRS+Technologies+Private+Limited/data=!4m7!3m6!1s0x3bd4bff3681e9b49:0xe765537c841cca8!8m2!3d21.1229037!4d79.1324048!16s%2Fg%2F11ft6ddsv8!19sChIJSZseaPO_1DsRqMxByDdVdg4?authuser=0&hl=en&rclk=1"
"WAYFLOW TECHNOLOGIES PRIVATE LIMITED","","","Software company","33VX+RF5, Besa Rd, Ramchandra Nagar, Manewada, Nagpur, Maharashtra 440037","http://wayflowtechnologies.in/","086001 60276","https://www.google.com/maps/place/WAYFLOW+TECHNOLOGIES+PRIVATE+LIMITED/data=!4m7!3m6!1s0x3bd4bf376112e589:0xbeb34ca436d020e5!8m2!3d21.0945072!4d79.0987216!16s%2Fg%2F11vr5vwtzn!19sChIJieUSYTe_1DsR5SDQNqRMs74?authuser=0&hl=en&rclk=1"
"Atina Technology Pvt. Ltd.","4.7","6","Computer support and services","2nd Floor, Madhav Tower, Plot no. 3A, Central Ave, Chapru Nagar, Sq, Nagpur, Maharashtra 440008","http://atinatechnology.in/","094046 11166","https://www.google.com/maps/place/Atina+Technology+Pvt.+Ltd./data=!4m7!3m6!1s0x397c43dbeee030e9:0x6e4cb42e8fc0819f!8m2!3d21.1482924!4d79.125315!16s%2Fg%2F11gcm_mm_v!19sChIJ6TDg7ttDfDkRn4HAjy60TG4?authuser=0&hl=en&rclk=1"
"ProCohat Technologies Pvt. Ltd.","4.3","29","Software company","46, near Arjuna Celebrations, Vyankatesh Nagar, Khamla, Nagpur, Maharashtra 440025","https://procohat.com/","092843 84585","https://www.google.com/maps/place/ProCohat+Technologies+Pvt.+Ltd./data=!4m7!3m6!1s0x3bd4bf1d44b971bb:0xaf3f5fb1ec5c7ea4!8m2!3d21.1107721!4d79.0628383!16s%2Fg%2F11f0whd9qm!19sChIJu3G5RB2_1DsRpH5c7LFfP68?authuser=0&hl=en&rclk=1"
"Tsecond Generation Technology Pvt. Ltd.","4.6","17","Software company","36, 15, Khamla Rd, Nargundkar Layout, Surendra Nagar, Vivekanand Nagar, Nagpur, Maharashtra 440010","http://tsecond.in/","","https://www.google.com/maps/place/Tsecond+Generation+Technology+Pvt.+Ltd./data=!4m7!3m6!1s0x3bd4c067994ae431:0x8ac020fe474d58f7!8m2!3d21.1178852!4d79.0687948!16s%2Fg%2F11c3_8b77b!19sChIJMeRKmWfA1DsR91hNR_4gwIo?authuser=0&hl=en&rclk=1"
"Inforadient Technologies","4.9","41","Software company","Balaji Arcade, near Hudkeshwar Police Station, Santoshi Nagar, Sanmarga Nagar, Nagpur, Maharashtra 440027","https://inforadient.com/","","https://www.google.com/maps/place/Inforadient+Technologies/data=!4m7!3m6!1s0x3bd4bfc116f1562f:0xf2c6317f8d88eec4!8m2!3d21.1013687!4d79.1166958!16s%2Fg%2F11rwqtxptg!19sChIJL1bxFsG_1DsRxO6IjX8xxvI?authuser=0&hl=en&rclk=1"
"Lakshnik Technologies","","","Software company","Sakkardara Rd, Azamshah Layout, Nagpur, Maharashtra 440018","http://www.lakshnik.in/","090751 64567","https://www.google.com/maps/place/Lakshnik+Technologies/data=!4m7!3m6!1s0x3bd4c77c89039f93:0x173784947ceea85d!8m2!3d21.1320591!4d79.1159785!16s%2Fg%2F11sx__j66l!19sChIJk58DiXzH1DsRXajufJSENxc?authuser=0&hl=en&rclk=1"
"R.R Technology","5.0","2","Computer repair service","Plot no 53, hiwri lay out,near kdm collage,old bhamdra road, 08, Old bhandra road, Hiwari Layout, Nagpur, Maharashtra 440008","","084591 55387","https://www.google.com/maps/place/R.R+Technology/data=!4m7!3m6!1s0x3bd4c7bd139a915d:0x647f243fabebba65!8m2!3d21.1443698!4d79.1329612!16s%2Fg%2F11s1y0fmr1!19sChIJXZGaE73H1DsRZbrrqz8kf2Q?authuser=0&hl=en&rclk=1"
"JANKI'S Technology","5.0","3","Computer store","GATE NO.2 B54/301rd Floor, PMAY BUILDING, SYMBOISIS INTERNATIONAL COLLEGE WATHODA, Nagpur, Maharashtra 440008","http://www.jankistechnology.com/","097676 23762","https://www.google.com/maps/place/JANKI%27S+Technology/data=!4m7!3m6!1s0x3bd4b942b7fc89ed:0x6067a811229bdf92!8m2!3d21.122682!4d79.1650514!16s%2Fg%2F11y1nr_h2z!19sChIJ7Yn8t0K51DsRkt-bIhGoZ2A?authuser=0&hl=en&rclk=1"
"Piexxi Technology LLP","3.8","6","Software company","Flat No. 401, Venu Enclave, Tata Square, Manewada - Besa Rd, Nagpur, Maharashtra 440034","https://www.piexxi.in/","086000 10310","https://www.google.com/maps/place/Piexxi+Technology+LLP/data=!4m7!3m6!1s0x3bd4b8ac4e83b0c7:0x41102283d68a2d49!8m2!3d21.1002898!4d79.1017614!16s%2Fg%2F11c6m3lqng!19sChIJx7CDTqy41DsRSS2K1oMiEEE?authuser=0&hl=en&rclk=1"
"Argonne Technologies","","","Software company","101 Reshimbag Layout, Reshim Bagh, Nagpur, Maharashtra 440024","http://argonnetek.com/","086528 01740","https://www.google.com/maps/place/Argonne+Technologies/data=!4m7!3m6!1s0x3bd4c752f1a9e299:0x9370cc1341272a9!8m2!3d21.13282!4d79.111984!16s%2Fg%2F11rjssj_w2!19sChIJmeKp8VLH1DsRqXISNMEMNwk?authuser=0&hl=en&rclk=1"
"Brillect Tech Solutions Pvt. Ltd.","4.9","15","Software company","2nd floor, 57-A, Hindustan Colony, Navjeevan Colony, Gajanan Nagar, Nagpur, Maharashtra 440015","http://brillect.in/","077589 85363","https://www.google.com/maps/place/Brillect+Tech+Solutions+Pvt.+Ltd./data=!4m7!3m6!1s0x3bd4bf875e40d439:0xbb6e66a17b093358!8m2!3d21.1138269!4d79.073531!16s%2Fg%2F11n017mj_m!19sChIJOdRAXoe_1DsRWDMJe6Fmbrs?authuser=0&hl=en&rclk=1"
"Phenix Technologies","4.3","3","Software company","Plot No. 203, 1St Floor, near Sakkardara Telephone Exchange, behind Shailesh Kirana, Dattatray Nagar, Nagpur, Maharashtra 440024","","098224 71357","https://www.google.com/maps/place/Phenix+Technologies/data=!4m7!3m6!1s0x3bd4c75990d352a5:0x64ff8b302c840e3!8m2!3d21.1171766!4d79.1119147!16s%2Fg%2F1q66sxsvg!19sChIJpVLTkFnH1DsR40DIArP4TwY?authuser=0&hl=en&rclk=1"
"Webnet Computer Institute","4.9","61","Software Training Institute","Manewada Ring Road, opposite Keshav Hospital, opposite Chirag Marbles, Lavkush Nagar, Ambika Nagar, Manewada, Nagpur, Maharashtra 440024","http://www.webnet.webnetis.com/","084213 41253","https://www.google.com/maps/place/Webnet+Computer+Institute/data=!4m7!3m6!1s0x3bd4bf4c0d9e425f:0xc9fa993293aaf12!8m2!3d21.1055853!4d79.1052758!16s%2Fg%2F1jkx_yf16!19sChIJX0KeDUy_1DsREq86KZOpnww?authuser=0&hl=en&rclk=1"
"Atina technology","2.0","4","Software company","Second floor, Madhav Tower, plot no 3A, Ca Road, Chapru Nagar, Square, Nagpur, Maharashtra 440008","http://atinatechnology.in/","094046 11166","https://www.google.com/maps/place/Atina+technology/data=!4m7!3m6!1s0x3bd4c779f0105daf:0x24320bf8ccd32dcd!8m2!3d21.1481943!4d79.125529!16s%2Fg%2F11rn7p05rs!19sChIJr10Q8HnH1DsRzS3TzPgLMiQ?authuser=0&hl=en&rclk=1"
"PSK Technologies Pvt. Ltd.","4.6","430","Software company","Fortune Mall lower ground floor, Buty Rd, near Maharashtra bank, near metro station, Sitabuldi, Nagpur, Maharashtra 440012","https://www.pskitservices.com/","099752 88300","https://www.google.com/maps/place/PSK+Technologies+Pvt.+Ltd./data=!4m7!3m6!1s0x3bd4c11d142e6ac9:0xbb23c4288c53121c!8m2!3d21.1407041!4d79.0815594!16s%2Fg%2F11b5wj72bk!19sChIJyWouFB3B1DsRHBJTjCjEI7s?authuser=0&hl=en&rclk=1"
"Ocean Software Technologies","4.6","55","Software company","SH. No. A-002, Plot No. 14, Shrikrishna Nagar, Shivaji Park, Nagpur, Maharashtra 440009","http://www.oceansofttech.net/","094236 85852","https://www.google.com/maps/place/Ocean+Software+Technologies/data=!4m7!3m6!1s0x3bd4b8a174000003:0xa891933da8584330!8m2!3d21.132276!4d79.1306492!16s%2Fg%2F11c1vndt1q!19sChIJAwAAdKG41DsRMENYqD2Tkag?authuser=0&hl=en&rclk=1"
"Elevastra Tech","","","Software company","41, Khamla Rd, opposite Ratnabodhi Vihar, Sawarkar Nagar, Vivekanand Nagar, Nagpur, Maharashtra 440015","","","https://www.google.com/maps/place/Elevastra+Tech/data=!4m7!3m6!1s0x3bd4bfc422f69521:0xf31c31f1f62b257d!8m2!3d21.1144239!4d79.0687208!16s%2Fg%2F11l77vwqs1!19sChIJIZX2IsS_1DsRfSUr9vExHPM?authuser=0&hl=en&rclk=1"
"Binary Code Technologies","4.9","65","Software company","IT Park, Gayatri Nagar Trimurti Nagar, Mankapur Ring Rd, Nagpur, Maharashtra 440022","http://www.binarycodetechnologies.com/","070307 72573","https://www.google.com/maps/place/Binary+Code+Technologies/data=!4m7!3m6!1s0x3bd4bf03d200a0b9:0x6f7041800baaf0a4!8m2!3d21.111922!4d79.0662744!16s%2Fg%2F11rggp35rq!19sChIJuaAA0gO_1DsRpPCqC4BBcG8?authuser=0&hl=en&rclk=1"
"Widesoftech PVT. LTD.","4.8","215","Software company","8A, Hanuman Nagar, Medical Chowk, near Bata showroom, Krida Chowk, road, Nagpur, Maharashtra 440024","http://www.widesoftech.com/","093733 06416","https://www.google.com/maps/place/Widesoftech+PVT.+LTD./data=!4m7!3m6!1s0x3bd4bff0f6025935:0x8b80daeacfbe1f64!8m2!3d21.1307579!4d79.0984486!16s%2Fg%2F11ryh08v9_!19sChIJNVkC9vC_1DsRZB--z-ragIs?authuser=0&hl=en&rclk=1"
"Mirai Tech","","","Software company","150, Jai-Bhim Society, Chandramani Nagar, Rameshwari, Nagpur, Maharashtra 440027","http://mirai-hitech.com/","094218 06012","https://www.google.com/maps/place/Mirai+Tech/data=!4m7!3m6!1s0x3bd4bf5834000001:0xd1e1e5fc4fc8b79a!8m2!3d21.1195288!4d79.0973371!16s%2Fg%2F11rysqj9_l!19sChIJAQAANFi_1DsRmrfIT_zl4dE?authuser=0&hl=en&rclk=1"
"Hustle Tech Systems India","5.0","9","Software company","near NMC Office, Om Nagar, Nandanvan, Nagpur, Maharashtra 440009","","","https://www.google.com/maps/place/Hustle+Tech+Systems+India/data=!4m7!3m6!1s0x3bd4c7a7a0c0f68d:0xf2e0cb8b604fce0b!8m2!3d21.1273236!4d79.1191281!16s%2Fg%2F11grpqx11t!19sChIJjfbAoKfH1DsRC85PYIvL4PI?authuser=0&hl=en&rclk=1"
"Jenith Tech Media Pvt Ltd","3.7","3","Software company","44P9+CWC, New Nandanvan Layout, Nandanvan, Nagpur, Maharashtra 440024","","098600 84828","https://www.google.com/maps/place/Jenith+Tech+Media+Pvt+Ltd/data=!4m7!3m6!1s0x3bd4c74fe886ed61:0x9dc45004be715a1a!8m2!3d21.1360569!4d79.1197636!16s%2Fg%2F11b6rw41sd!19sChIJYe2G6E_H1DsRGlpxvgRQxJ0?authuser=0&hl=en&rclk=1"
"PROBUZ TECHNOLOGIES PVT LTD","4.4","110","Software company","205, Shilpa Society, Manish Nagar, Somalwada, Nagpur, Maharashtra 440015","https://www.probuztech.in/","078750 06677","https://www.google.com/maps/place/PROBUZ+TECHNOLOGIES+PVT+LTD/data=!4m7!3m6!1s0x3bd4bf12e771c019:0xe5884397b38b822e!8m2!3d21.0960494!4d79.0780867!16s%2Fg%2F1pxq7z6d9!19sChIJGcBx5xK_1DsRLoKLs5dDiOU?authuser=0&hl=en&rclk=1"
"Tech Rats Technologies","","","Website designer","Saikrupa Apartment, Plot # 25, Central Excise Colony, New Sneh Nagar, Nagpur, Maharashtra 440015","","083908 68888","https://www.google.com/maps/place/Tech+Rats+Technologies/data=!4m7!3m6!1s0x3bd4bfea10bce0c7:0xb2957cb1ab7cc9d!8m2!3d21.1107987!4d79.0689683!16s%2Fg%2F11g4drbv51!19sChIJx-C8EOq_1DsRncy3GstXKQs?authuser=0&hl=en&rclk=1"
"Societal Technologies and Solutions pvt.ltd","3.0","8","Software company","11, Gajanan Chowk, Reshim Bagh, Nagpur, Maharashtra 440024","","079726 07010","https://www.google.com/maps/place/Societal+Technologies+and+Solutions+pvt.ltd/data=!4m7!3m6!1s0x3bd4c753211d94ed:0x43bb53184cc35fe8!8m2!3d21.1326688!4d79.1124309!16s%2Fg%2F11f554bgxt!19sChIJ7ZQdIVPH1DsR6F_DTBhTu0M?authuser=0&hl=en&rclk=1"
"OSC Professionals (Nagpur Soft Embedded Technology Pvt. Ltd.)","4.5","40","E-commerce service","34, Mantri House, 34, Cement Rd, Om Sai Nagar, Shivaji Nagar, Nagpur, Maharashtra 440010","http://www.oscprofessionals.com/","092252 37076","https://www.google.com/maps/place/OSC+Professionals+%28Nagpur+Soft+Embedded+Technology+Pvt.+Ltd.%29/data=!4m7!3m6!1s0x3bd4c066b045246f:0x4d4c6226df7a096b!8m2!3d21.1382748!4d79.0573411!16s%2Fg%2F1v3dql4l!19sChIJbyRFsGbA1DsRawl63yZiTE0?authuser=0&hl=en&rclk=1"
"STOP & THINK InfoConnect Private Limited","4.5","16","Software company","STOP & THINK, 4/82, near Parivartan Coching Classes, Raje Raghuji Nagar, Nagpur, Maharashtra 440024","http://www.stopnthinks.com/","095959 39264","https://www.google.com/maps/place/STOP+%26+THINK+InfoConnect+Private+Limited/data=!4m7!3m6!1s0x3bd4bf55246642cd:0xa1215058f17831f4!8m2!3d21.122472!4d79.111207!16s%2Fg%2F11bwl2z459!19sChIJzUJmJFW_1DsR9DF48VhQIaE?authuser=0&hl=en&rclk=1"
"TECHCLASS OF EDUCATION","4.8","38","Software Training Institute","1st floor, Plot 131, Hudkeshwar Rd, near overhead water tank, Nilkanth Nagar, Chandrakiran Nagar, Nagpur, Maharashtra 440024","http://techclassofeducation.com/","095955 06516","https://www.google.com/maps/place/TECHCLASS+OF+EDUCATION/data=!4m7!3m6!1s0x3bd4b8b375462e63:0xc8aef64d05d6e2fb!8m2!3d21.0977149!4d79.1242296!16s%2Fg%2F11c0y29ftf!19sChIJYy5GdbO41DsR--LWBU32rsg?authuser=0&hl=en&rclk=1"
"VSoft Technology","","","Software Training Institute","10, Beltarodi Rd, Dattatray Society, Shyam Nagar, Manish Nagar, Somalwada, Nagpur, Maharashtra 440015","","099704 05007","https://www.google.com/maps/place/VSoft+Technology/data=!4m7!3m6!1s0x3bd4bf0c31c9ae59:0x4ed9c4346a3fdc1a!8m2!3d21.091898!4d79.072481!16s%2Fg%2F11b_3g1xd8!19sChIJWa7JMQy_1DsRGtw_ajTE2U4?authuser=0&hl=en&rclk=1"
"Soft Solution Technology","3.0","2","Software company","44P8+MX2, Opp. Homoeopathy ,S D hospital ,Jagande Square, SD Hospital Rd, New Nandanvan Colony, Azamshah Layout, Nagpur, Maharashtra 440009","","088066 72798","https://www.google.com/maps/place/Soft+Solution+Technology/data=!4m7!3m6!1s0x3bd4c74e3809aaf7:0x7e8d13c3b861a356!8m2!3d21.1366451!4d79.1173933!16s%2Fg%2F11c561_c46!19sChIJ96oJOE7H1DsRVqNhuMMTjX4?authuser=0&hl=en&rclk=1"
"RS Infotech System","5.0","10","Software company","Beltarodi Road, Near Lohar Samaj Bhawan Plot No. 202, Rahate Nagar, Rameshwari Rd, Bhagwan Nagar, Nagpur, Maharashtra 440027","https://www.rsinfotechsys.com/","079721 92831","https://www.google.com/maps/place/RS+Infotech+System/data=!4m7!3m6!1s0x3bd4bfc26a49679f:0x65dc6b6feb919398!8m2!3d21.1001385!4d79.0872151!16s%2Fg%2F11ng6t3s49!19sChIJn2dJasK_1DsRmJOR629r3GU?authuser=0&hl=en&rclk=1"
"Cre80 Technology","4.6","5","Software company","Shri Krishana Super Market, Manish Nagar, Nagpur, Maharashtra 440015","","","https://www.google.com/maps/place/Cre80+Technology/data=!4m7!3m6!1s0x3bd4bfe302633771:0x75b3605534da05ec!8m2!3d21.0933388!4d79.0700127!16s%2Fg%2F11k7ygz7dm!19sChIJcTdjAuO_1DsR7AXaNFVgs3U?authuser=0&hl=en&rclk=1"
"VniVid Technologies","5.0","3","Software company","Swaraj Nagar, Omkar Nagar, Nagpur, Maharashtra 440027","http://www.vnivid.in/","095611 82250","https://www.google.com/maps/place/VniVid+Technologies/data=!4m7!3m6!1s0x3bd4bf8ab56aa19d:0x60f817b81a743cf1!8m2!3d21.1024767!4d79.0930145!16s%2Fg%2F11rgh4f_5t!19sChIJnaFqtYq_1DsR8Tx0GrgX-GA?authuser=0&hl=en&rclk=1"
"TARS Technologies","4.5","63","Software company","181, Gotmare Complex, Giripeth, W High Ct Rd, near Venus Book Depot, Dharampeth, Nagpur, Maharashtra 440010","http://tars.co.in/","091121 17415","https://www.google.com/maps/place/TARS+Technologies/data=!4m7!3m6!1s0x3bd4c16fe7f30a71:0x96d1eb35911d1226!8m2!3d21.1400288!4d79.0574409!16s%2Fg%2F11tjpvnps5!19sChIJcQrz52_B1DsRJhIdkTXr0ZY?authuser=0&hl=en&rclk=1"
"Torinit Technologies Inc.","4.2","18","Software company","402, Shantiniketan, Laxminagar, Nagpur, Maharashtra 440022","http://www.torinit.com/","","https://www.google.com/maps/place/Torinit+Technologies+Inc./data=!4m7!3m6!1s0x3bc2c10764f050bd:0x46893c6bebcaa90f!8m2!3d21.1242531!4d79.0636613!16s%2Fg%2F11clzqrvsc!19sChIJvVDwZAfBwjsRD6nK62s8iUY?authuser=0&hl=en&rclk=1"
"TCBS Technologies","5.0","1","Computer support and services","Shop No. 4 ,Sai Vaibhav Plaza Ruikar Road, Landmark:, opp. Police Chowki, behind Chitnis Park, Jalalpura, Mahal, Nagpur, Maharashtra 440032","","093708 14583","https://www.google.com/maps/place/TCBS+Technologies/data=!4m7!3m6!1s0x3bd4c18691e9b2db:0xffeb55835076da12!8m2!3d21.1471952!4d79.1052305!16s%2Fg%2F11rnk2vflt!19sChIJ27LpkYbB1DsREtp2UINV6_8?authuser=0&hl=en&rclk=1"
"CodebergIT (Hiring & Tech Partner)","4.9","29","Software company","31, Khobragade Layout, Gajanan Nagar Dighori Naka, Umred Rd, Nagpur, Maharashtra 440009","http://codebergit.com/","070306 87775","https://www.google.com/maps/place/CodebergIT+%28Hiring+%26+Tech+Partner%29/data=!4m7!3m6!1s0x3bd4b93e311917b9:0xf6150de3cb0ccf37!8m2!3d21.1060824!4d79.1404949!16s%2Fg%2F11ghpzb2fz!19sChIJuRcZMT651DsRN88My-MNFfY?authuser=0&hl=en&rclk=1"
"Nooph Technologies","","","Software company","4356+25G, Ashok Colony, Khamla, Nagpur, Maharashtra 440025","http://noophtechnologies.com/","094066 00635","https://www.google.com/maps/place/Nooph+Technologies/data=!4m7!3m6!1s0x3bd4bf9cc97f1367:0xc1b3dac101b50ffe!8m2!3d21.1075627!4d79.0604509!16s%2Fg%2F11y287y07k!19sChIJZxN_yZy_1DsR_g-1AcHas8E?authuser=0&hl=en&rclk=1"
"Anishree Technologies","5.0","66","Software company","Plot, no 9, F.C.I. Housing Society, 120, Railway Crossing Rd, Narendra Nagar Extension, New Narendra Nagar, Manish Nagar, Somalwada, Nagpur, Maharashtra 440015","http://www.anishreetech.com/","096579 59184","https://www.google.com/maps/place/Anishree+Technologies/data=!4m7!3m6!1s0x3bd4bf30840803d1:0x94ed551db84354f0!8m2!3d21.0974767!4d79.0747446!16s%2Fg%2F11s5l_c_46!19sChIJ0QMIhDC_1DsR8FRDuB1V7ZQ?authuser=0&hl=en&rclk=1"
"AnkHub Technology Services","4.7","410","Software company","3rd Floor, Telephone Exchange Square, Plot No. 170, behind Doctor Dalvi Hospital Complex, Garoba Maidan, Bagadganj, Nagpur, Maharashtra 440008","https://ankhub.in/","090210 70048","https://www.google.com/maps/place/AnkHub+Technology+Services/data=!4m7!3m6!1s0x3bd4c73faaaaaacb:0xeb84a5ce0f2d6f64!8m2!3d21.1475097!4d79.1208381!16s%2Fg%2F11gf01jf6d!19sChIJy6qqqj_H1DsRZG8tD86lhOs?authuser=0&hl=en&rclk=1"
"Skysoft Technology","4.4","7","Software company","Ajni Rd, Ajni Medical Colony, Dhantoli, Nagpur, Maharashtra 440012","","","https://www.google.com/maps/place/Skysoft+Technology/data=!4m7!3m6!1s0x3bd4c1b81fdfeb49:0x12f9392d84533e93!8m2!3d21.1255619!4d79.0816761!16s%2Fg%2F11kp_1flj0!19sChIJSevfH7jB1DsRkz5ThC05-RI?authuser=0&hl=en&rclk=1"
"Inarrch Technologies | Website development Digital marketing SEO Graphics design , SMM","4.9","96","Software company","Plot No. 538, 1st floor, Juni Shukrawari Rd, beside Kurve Hospital, opposite Manoj Metal Mart, Sakkardara, Azamshah Layout, Nagpur, Maharashtra 440009","https://inarrchtechnologies.com/","077200 36584","https://www.google.com/maps/place/Inarrch+Technologies+%7C+Website+development+Digital+marketing+SEO+Graphics+design+,+SMM/data=!4m7!3m6!1s0x3bd4b91a99a74d83:0x819c02774de914f0!8m2!3d21.1299389!4d79.1132606!16s%2Fg%2F11jmytqmzw!19sChIJg02nmRq51DsR8BTpTXcCnIE?authuser=0&hl=en&rclk=1"
"Kei Technology","5.0","14","Software company","","","","https://www.google.com/maps/place/Kei+Technology/data=!4m7!3m6!1s0x531848f18e74fcf:0xa778cdc57fae1aa2!8m2!3d21.0680074!4d82.7525294!16s%2Fg%2F11vs3ny8rf!19sChIJz0_nGI-EMQURohquf8XNeKc?authuser=0&hl=en&rclk=1"
"Sabertooth Technologies","3.5","24","Software company","H.No. 336, B/701, Rajakothi, Civil Lines, Nagpur, Maharashtra 440001","https://www.sabertoothtech.in/","091759 98527","https://www.google.com/maps/place/Sabertooth+Technologies/data=!4m7!3m6!1s0x3bd4c1ad125957d3:0x9d43bb2a4c415cc8!8m2!3d21.1487818!4d79.066928!16s%2Fg%2F11fm180lxg!19sChIJ01dZEq3B1DsRyFxBTCq7Q50?authuser=0&hl=en&rclk=1"
"Uphill Technologies Pvt. Ltd.","4.7","7","Software company","Plot No. 3, Omkar Nagar Rd, Central Railway Colony, Omkar Nagar, Nagpur, Maharashtra 440027","http://www.uphilltech.com/","0712 295 0381","https://www.google.com/maps/place/Uphill+Technologies+Pvt.+Ltd./data=!4m7!3m6!1s0x3bd4bfdbdee4f129:0x4f28f903a6393c95!8m2!3d21.0969909!4d79.0918564!16s%2Fg%2F11ncj96qh9!19sChIJKfHk3tu_1DsRlTw5pgP5KE8?authuser=0&hl=en&rclk=1"
"Miprotecz | Digital Marketing | Cloud Computing |","5.0","2","Software company","Nandanvan, Nagpur, Maharashtra 440024","http://www.miprotecz.com/","077680 05685","https://www.google.com/maps/place/Miprotecz+%7C+Digital+Marketing+%7C+Cloud+Computing+%7C/data=!4m7!3m6!1s0x3bd4c747a3bd5355:0x5cb3c3cb574e2850!8m2!3d21.1206104!4d79.1257139!16s%2Fg%2F11t79m7v19!19sChIJVVO9o0fH1DsRUChOV8vDs1w?authuser=0&hl=en&rclk=1"
"LOGIXSPIRE TECHNOLOGIES PVT LTD","","","Software company","238, Shambhav Victory, opp. Petrol Pump, Besa, Nagpur, Maharashtra 440037","http://www.logixspire.com/","084218 94334","https://www.google.com/maps/place/LOGIXSPIRE+TECHNOLOGIES+PVT+LTD/data=!4m7!3m6!1s0x3bd4bfc13823f929:0x520fa10ecb6d692c!8m2!3d21.088209!4d79.0820627!16s%2Fg%2F11smhgzcbq!19sChIJKfkjOMG_1DsRLGltyw6hD1I?authuser=0&hl=en&rclk=1"
"Kstar Technology,32chatrapati suare Nagpur,Maharashtra-440015","","","Software company","32,pragati colony,Chatrapati sq, Wardha Rd, Nagpur, Maharashtra 440015","https://www.kstartechnology.com/","097663 13023","https://www.google.com/maps/place/Kstar+Technology,32chatrapati+suare+Nagpur,Maharashtra-440015/data=!4m7!3m6!1s0x3bd4bfbafe32acd5:0xc322aba1899fffc0!8m2!3d21.0904303!4d79.064967!16s%2Fg%2F11s2nqmhtp!19sChIJ1awy_rq_1DsRwP-fiaGrIsM?authuser=0&hl=en&rclk=1"
"Shwenik Technology","5.0","15","Computer store","800 Sudampuri, Umred Rd, opposite SBI Bank, near by Shree Hospital, Sakkardara, Nagpur, Maharashtra 440009","","084329 66938","https://www.google.com/maps/place/Shwenik+Technology/data=!4m7!3m6!1s0x3bd4c77c5ca86973:0xa9427eed989e05d!8m2!3d21.1257741!4d79.1166923!16s%2Fg%2F11qgb9m62h!19sChIJc2moXHzH1DsRXeCJ2e4nlAo?authuser=0&hl=en&rclk=1"
"NJ SOFT-TECH","","","Software company","Central Railway Colony, Omkar Nagar, Nagpur, Maharashtra 440027","http://njsofttech.com/","086239 74741","https://www.google.com/maps/place/NJ+SOFT-TECH/data=!4m7!3m6!1s0x3bd4b075d9ce8be1:0xfb9ded3c032d2405!8m2!3d21.0959251!4d79.0914043!16s%2Fg%2F11p16tjqv8!19sChIJ4YvO2XWw1DsRBSQtAzztnfs?authuser=0&hl=en&rclk=1"
"Magnify 360 Hi-Tech Solutions Pvt. Ltd","5.0","7","Software company","15B, Vikas Nagar, Sawarkar Nagar, Vivekanand Nagar, Nagpur, Maharashtra 440015","http://magnify360solutions.com/","086031 58387","https://www.google.com/maps/place/Magnify+360+Hi-Tech+Solutions+Pvt.+Ltd/data=!4m7!3m6!1s0x3bd4bf79658c347b:0xa7e17aacdff55b6c!8m2!3d21.111863!4d79.069293!16s%2Fg%2F11sff168xp!19sChIJezSMZXm_1DsRbFv136x64ac?authuser=0&hl=en&rclk=1"
"Meeting Minds Technologies & IT Services","","","Software company","","https://meeting-minds.in/","","https://www.google.com/maps/place/Meeting+Minds+Technologies+%26+IT+Services/data=!4m7!3m6!1s0x891d3defe4b6b3d9:0xbe015822d70dd54b!8m2!3d20.8088943!4d80.9369454!16s%2Fg%2F11vlvyd4mh!19sChIJ2bO25O89HYkRS9UN1yJYAb4?authuser=0&hl=en&rclk=1"
"Rktechnify","","","Software company","","https://www.rktechnify.com/","095524 76390","https://www.google.com/maps/place/Rktechnify/data=!4m7!3m6!1s0x6182470b1791c32d:0x3f8fc6fff6081132!8m2!3d21.0680074!4d82.7525294!16s%2Fg%2F11ld8hm5d7!19sChIJLcORFwtHgmERMhEI9v_Gjz8?authuser=0&hl=en&rclk=1"
"QICE Technologies","4.3","11","Software company","117, Rajiv Nagar, Jai Prakash Nagar, Somalwada, Nagpur, Maharashtra 440025","http://qicesolutions.com/","097637 92442","https://www.google.com/maps/place/QICE+Technologies/data=!4m7!3m6!1s0x3bd4c07534e8dbaf:0x16f5c6c574d22b35!8m2!3d21.1011313!4d79.0661647!16s%2Fg%2F11b6pcpp61!19sChIJr9voNHXA1DsRNSvSdMXG9RY?authuser=0&hl=en&rclk=1"
"Techgicus Software Solutions Private Limited","5.0","25","Software company","near Shivshankar Lawn, Mitra Vihar Nagar, New Sahakar Nagar, Kharbi, Nagpur, Maharashtra 440024","http://www.techgicus.com/","092846 14144","https://www.google.com/maps/place/Techgicus+Software+Solutions+Private+Limited/data=!4m7!3m6!1s0x3bd4b99d4acef023:0xca41b7c4a70141fd!8m2!3d21.1224136!4d79.1366391!16s%2Fg%2F11thsm6v6n!19sChIJI_DOSp251DsR_UEBp8S3Qco?authuser=0&hl=en&rclk=1"
"GREAMIO TECHNOLOGIES PRIVATE LIMITED","4.4","11","Software company","PLOT NO.2, Atrey Layout, Tatya Tope Nagar, Pratap Nagar, Nagpur, Maharashtra 440022","https://greamio.com/","","https://www.google.com/maps/place/GREAMIO+TECHNOLOGIES+PRIVATE+LIMITED/data=!4m7!3m6!1s0x3bd4bf3585169fb3:0xb52fa11eed5e62d7!8m2!3d21.1141249!4d79.0605029!16s%2Fg%2F11rjvrnt6c!19sChIJs58WhTW_1DsR12Je7R6hL7U?authuser=0&hl=en&rclk=1"
"SOFTTRONIX IT SOLUTION & SERVICES","5.0","1","Software company","Nandanvan Main Rd, opp. Indian Oil petrol pump, Mire Layout, Bapu Nagar, Nandanvan, Nagpur, Maharashtra 440024","https://www.softtronix.in/","","https://www.google.com/maps/place/SOFTTRONIX+IT+SOLUTION+%26+SERVICES/data=!4m7!3m6!1s0x3bd4c76a8fad7de5:0x8e1c4d02d5759de6!8m2!3d21.1272901!4d79.1195733!16s%2Fg%2F11y3151r5p!19sChIJ5X2tj2rH1DsR5p111QJNHI4?authuser=0&hl=en&rclk=1"
"HeadsWorth Technologies","","","Software company","","","04107 343 436","https://www.google.com/maps/place/HeadsWorth+Technologies/data=!4m7!3m6!1s0x3bd4bfa1ae84bc17:0x8c9fc7b9adacc851!8m2!3d40.266869!4d-179.3878585!16s%2Fg%2F11j8hz7bk_!19sChIJF7yErqG_1DsRUcisrbnHn4w?authuser=0&hl=en&rclk=1"
"Payas Technologies","4.9","14","Software Training Institute","653, "RajBhavan",, Tekdi Road, Sitabuldi, Nagpur, Maharashtra 440012","http://www.payastechnologies.com/","087675 91462","https://www.google.com/maps/place/Payas+Technologies/data=!4m7!3m6!1s0x3bd4c0eaaf54c709:0x3c5efddb7cb647de!8m2!3d21.1457114!4d79.087055!16s%2Fg%2F11fx7nl2f8!19sChIJCcdUr-rA1DsR3ke2fNv9Xjw?authuser=0&hl=en&rclk=1"
"iVizion Technology- Best Digital Marketing & SEO company in Nagpur","4.7","28","Marketing agency","Surdham Apartments, Central Park Rd, Godhni, Dhantoli, Nagpur, Maharashtra 440012","https://www.iviziontech.com/","090945 46546","https://www.google.com/maps/place/iVizion+Technology-+Best+Digital+Marketing+%26+SEO+company+in+Nagpur/data=!4m7!3m6!1s0x3bd4c08a97615f7f:0x3ea10d27e888ee47!8m2!3d21.1379016!4d79.0808643!16s%2Fg%2F12vt7nvmb!19sChIJf19hl4rA1DsRR-6I6CcNoT4?authuser=0&hl=en&rclk=1"
"MIMAG Technologies","5.0","2","Software company","Flat no.202, Himgiri plaza, Rachana Society, Manish Nagar, Somalwada, Nagpur, Maharashtra 440015","https://mimagtech.com/","074107 20297","https://www.google.com/maps/place/MIMAG+Technologies/data=!4m7!3m6!1s0x3bd4bffae5a306a3:0x7cb183776073117a!8m2!3d21.0938555!4d79.0750191!16s%2Fg%2F11p5ht6nqz!19sChIJowaj5fq_1DsRehFzYHeDsXw?authuser=0&hl=en&rclk=1"
"Data U Technologies","","","Software company","Plot No 19, Shankar Nagar, Kasturba Layout, East Shankar Nagar, Ramdaspeth, Nagpur, Maharashtra 440010","https://datautechnologies.com/","","https://www.google.com/maps/place/Data+U+Technologies/data=!4m7!3m6!1s0x3bd4c1f666e0cdbd:0xb1ced3acfc572455!8m2!3d21.1350376!4d79.0681923!16s%2Fg%2F11rqqhrbcg!19sChIJvc3gZvbB1DsRVSRX_KzTzrE?authuser=0&hl=en&rclk=1"
"Vintech Solution","4.0","1","Software company","Plot No. 13-Mirey Layout, Behind Datta Temple, Umrer Road, MSH 9, Bapu Nagar, Nandanvan, Nagpur, Maharashtra 440024","","090492 60499","https://www.google.com/maps/place/Vintech+Solution/data=!4m7!3m6!1s0x3bd4c759da1a835b:0x2fd6f626f074b71d!8m2!3d21.1262036!4d79.1210111!16s%2Fg%2F11b76gw8qc!19sChIJW4Ma2lnH1DsRHbd08Cb21i8?authuser=0&hl=en&rclk=1"
"V-TECH SYSTEM","3.0","4","Computer service","Bande plot sq, Umred Rd, opposite Vishal Megha Mart, Nagpur, Maharashtra 440024","","097627 60311","https://www.google.com/maps/place/V-TECH+SYSTEM/data=!4m7!3m6!1s0x3bd4b9dd8d7de781:0xd727f75a536b9b5e!8m2!3d21.1240968!4d79.1175358!16s%2Fg%2F11h4nbltgb!19sChIJged9jd251DsRXptrU1r3J9c?authuser=0&hl=en&rclk=1"
"LaxZenith Soft Tech","3.0","2","Software company","","https://laxzenith.com/","091751 29361","https://www.google.com/maps/place/LaxZenith+Soft+Tech/data=!4m7!3m6!1s0x3bd4b8912de0cd07:0x89a2ae6aab5a2df8!8m2!3d21.1132483!4d79.1415844!16s%2Fg%2F11clsx8g51!19sChIJB83gLZG41DsR-C1aq2quook?authuser=0&hl=en&rclk=1"
"Wizgle Technology Consulting Private Limited","5.0","13","Software company","9, Whitefields, Manish Nagar, Somalwada, Nagpur, Maharashtra 440015","","0712 355 7602","https://www.google.com/maps/place/Wizgle+Technology+Consulting+Private+Limited/data=!4m7!3m6!1s0x3bd4bfdba177919d:0x2b33bd350b76d8c5!8m2!3d21.0879045!4d79.0759414!16s%2Fg%2F11mvzs0jwb!19sChIJnZF3odu_1DsRxdh2CzW9Mys?authuser=0&hl=en&rclk=1"
"Ask Technologies","4.5","237","Computer repair service","67, Opp. Canara Bank, Mankapur Ring Rd, Pratap Nagar, Nagpur, Maharashtra 440022","","093732 23331","https://www.google.com/maps/place/Ask+Technologies/data=!4m7!3m6!1s0x3bd4bf8673f0fa15:0x97324145c1dd9c75!8m2!3d21.1136482!4d79.059859!16s%2Fg%2F11b7jgh6hp!19sChIJFfrwc4a_1DsRdZzdwUVBMpc?authuser=0&hl=en&rclk=1"
"ThinkerSteps Technologies Pvt LTD","4.2","14","Software company","P/No. 13, Near Kalode College, opp. Shyamsundar Residency 3, Jaywant Nagar, Nagpur, Maharashtra 440026","https://www.thinkersteps.com/","095798 08831","https://www.google.com/maps/place/ThinkerSteps+Technologies+Pvt+LTD/data=!4m7!3m6!1s0x3bd4bf469993ed0d:0x90a8709b9692af5d!8m2!3d21.0969201!4d79.0891252!16s%2Fg%2F11f_g217zf!19sChIJDe2TmUa_1DsRXa-SlptwqJA?authuser=0&hl=en&rclk=1"
"Skyline Line Soft Tech Solutions","","","Software company","273, Nandanvan, Nagpur, Maharashtra 440024","","098600 84828","https://www.google.com/maps/place/Skyline+Line+Soft+Tech+Solutions/data=!4m7!3m6!1s0x3bd4c744e176a347:0x5509bf4b3b7777e0!8m2!3d21.1373676!4d79.124!16s%2Fg%2F11b6tpxkm4!19sChIJR6N24UTH1DsR4Hd3O0u_CVU?authuser=0&hl=en&rclk=1"
"Bushel Technologies Pvt. Ltd.","","","Software company","112-B, Lokmat Bhawan, Ramdaspeth, Nagpur, Maharashtra 440012","https://www.bushel.co.in/","074481 20950","https://www.google.com/maps/place/Bushel+Technologies+Pvt.+Ltd./data=!4m7!3m6!1s0x3bd4c091d1f8f1f7:0xcc7b1005101534f3!8m2!3d21.1354665!4d79.0780315!16s%2Fg%2F11h5dsxyrg!19sChIJ9_H40ZHA1DsR8zQVEAUQe8w?authuser=0&hl=en&rclk=1"
"Tech Explorers","3.7","3","Computer service","NIT complex, Shop No. F49, flyover, near Sakkardara, Ayurvedic Layout, Nagpur, Maharashtra 440024","","","https://www.google.com/maps/place/Tech+Explorers/data=!4m7!3m6!1s0x3bd4bf4640bf8a1d:0xd3d9e72af0f226bf!8m2!3d21.12444!4d79.1160646!16s%2Fg%2F11frmxjvpv!19sChIJHYq_QEa_1DsRvyby8Crn2dM?authuser=0&hl=en&rclk=1"
"Pegasus Technologies & Software Private Limited","4.3","53","Training centre","Plot No. 43, Kabir Nagar, Mire Layout, Nandanvan, Nagpur, Maharashtra 440009","http://pegasustechnologies.org/","098235 20987","https://www.google.com/maps/place/Pegasus+Technologies+%26+Software+Private+Limited/data=!4m7!3m6!1s0x3bd4c75712ca60c9:0x3e69f4c247c93630!8m2!3d21.1273428!4d79.1195568!16s%2Fg%2F1q67vftf2!19sChIJyWDKElfH1DsRMDbJR8L0aT4?authuser=0&hl=en&rclk=1"
"Accelgrowth Technology Pvt Ltd","4.8","27","Software company","New Sahakar Nagar Rd, New Diamond Nagar, Shaktimata Nagar, Kharbi, Nagpur, Maharashtra 440017","","","https://www.google.com/maps/place/Accelgrowth+Technology+Pvt+Ltd/data=!4m7!3m6!1s0x3bd4c7f3fb75c539:0xad042f123e0dec0c!8m2!3d21.129801!4d79.1318462!16s%2Fg%2F11qqfch_4k!19sChIJOcV1-_PH1DsRDOwNPhIvBK0?authuser=0&hl=en&rclk=1"
"Sinfolix Technologies","5.0","142","Software company","Plot no 13, Birasa Nagar, Umred Rd, Dighori, Nagpur, Maharashtra 440034","https://sinfolix.com/","073857 61537","https://www.google.com/maps/place/Sinfolix+Technologies/data=!4m7!3m6!1s0x3bd4b969be3229c3:0x9242a75f991e7c57!8m2!3d21.1148539!4d79.133988!16s%2Fg%2F11kjcltq9q!19sChIJwykyvmm51DsRV3wemV-nQpI?authuser=0&hl=en&rclk=1"
"NextVision Technology","5.0","27","Computer repair service","Plot 1, Hudkeshwar Rd, Chandrakiran Nagar, Nagpur, Maharashtra 440034","","089995 16507","https://www.google.com/maps/place/NextVision+Technology/data=!4m7!3m6!1s0x3bd4b9af2ea8676f:0x5826b695706ee9d4!8m2!3d21.0954096!4d79.1223751!16s%2Fg%2F11js4g5kcl!19sChIJb2eoLq-51DsR1OlucJW2Jlg?authuser=0&hl=en&rclk=1"
"Cluematrix Technologies Pvt.Ltd","4.9","12","Software company","Plot No. 25, Vaishnavi Nagar, Vikasanand Mission Co, opp Society, Kharbi, Nagpur, Maharashtra 440034","http://www.cluematrix.com/","","https://www.google.com/maps/place/Cluematrix+Technologies+Pvt.Ltd/data=!4m7!3m6!1s0x3bd4b96a344ef295:0xf7f324a60ae28f0b!8m2!3d21.1205817!4d79.1441762!16s%2Fg%2F11lgrrg7pc!19sChIJlfJONGq51DsRC4_iCqYk8_c?authuser=0&hl=en&rclk=1"
"Madrocket Technologies & Media","4.3","7","Software company","1st floor, plot no 17, mahapushpa society, behind lohar samaj bhawan, BabulKheda, Badil Kheda, Nagpur, Maharashtra 440027","https://madrocket.co.in/","095612 99488","https://www.google.com/maps/place/Madrocket+Technologies+%26+Media/data=!4m7!3m6!1s0x3bd4bf6a5657a20f:0x1e4346487f7ceac!8m2!3d21.100901!4d79.0847129!16s%2Fg%2F11c1pcsbp_!19sChIJD6JXVmq_1DsRrM73h2Q05AE?authuser=0&hl=en&rclk=1"
"Nedient Technology Pvt. Ltd","4.5","2","Software company","4, Shivshakti Apartment, Bhagwan Nagar Rd, beside Landmark -Ram dairy and laziz food biryani, Banarjee Layout, NALANDA NAGAR, Rameshwari, Nagpur, Maharashtra 440027","https://nedient.in/","","https://www.google.com/maps/place/Nedient+Technology+Pvt.+Ltd/data=!4m7!3m6!1s0x3bd4bf30e4c57451:0xd5a9a5d535763a2c!8m2!3d21.1124637!4d79.0945433!16s%2Fg%2F11vl0nhh2t!19sChIJUXTF5DC_1DsRLDp2NdWlqdU?authuser=0&hl=en&rclk=1"
"Antsglobe Technologies","3.6","49","Website designer","1st Floor, 379, opposite Zero Mile Metro Station, Sitabuldi, Nagpur, Maharashtra 440012","https://www.antsglobe.com/","097669 14044","https://www.google.com/maps/place/Antsglobe+Technologies/data=!4m7!3m6!1s0x3bd4c72ac0000103:0x762db129c74dc4b9!8m2!3d21.1465253!4d79.0815398!16s%2Fg%2F126180lc9!19sChIJAwEAwCrH1DsRucRNxymxLXY?authuser=0&hl=en&rclk=1"
"KSTAR TECHNOLOGY Nagpur Software & Website Development Agency","5.0","1","Software company","32-A, Wardha Rd, Chatrapati Square, Pragati Colony, Nagpur, Maharashtra 440015","","097663 13023","https://www.google.com/maps/place/KSTAR+TECHNOLOGY+Nagpur+Software+%26+Website+Development+Agency/data=!4m7!3m6!1s0x3bd4bf799f6aaaab:0x729444194212d7f2!8m2!3d21.1110313!4d79.0705675!16s%2Fg%2F11j8kk40_k!19sChIJq6pqn3m_1DsR8tcSQhlElHI?authuser=0&hl=en&rclk=1"
"Infodreamz Technologies Nagpur Private Limited","5.0","8","Software company","127/A, Ground Floor, Anisha Mansion, Pande Layout, Khamla, Nagpur, Maharashtra 440025","http://www.infodreamz.com/","077988 00886","https://www.google.com/maps/place/Infodreamz+Technologies+Nagpur+Private+Limited/data=!4m7!3m6!1s0x3bd4bfd834a5ed65:0x9aa733ba0987890a!8m2!3d21.1054079!4d79.064263!16s%2Fg%2F11n06n2btp!19sChIJZe2lNNi_1DsRComHCbozp5o?authuser=0&hl=en&rclk=1"
"Crescentweb technology","5.0","6","Software Training Institute","Plot No. 539, Gangabai Ghat Rd, Telephone Exchange Chowk, Bagadganj, Nagpur, Maharashtra 440032","http://www.crescentweb.in/","090214 25460","https://www.google.com/maps/place/Crescentweb+technology/data=!4m7!3m6!1s0x3bd4c7486b849f65:0xe0a26d415e07ec7b!8m2!3d21.1454011!4d79.1198519!16s%2Fg%2F11hds4tfj6!19sChIJZZ-Ea0jH1DsRe-wHXkFtouA?authuser=0&hl=en&rclk=1"
"Hesten Solutions Pvt. Ltd.","4.4","53","Software company","32/1, R.M.S. Colony, Old Subhedar Layout, Ambika Nagar, Manewada, Nagpur, Maharashtra 440024","https://hestensolutions.com/","095884 88259","https://www.google.com/maps/place/Hesten+Solutions+Pvt.+Ltd./data=!4m7!3m6!1s0x3bd4bf53a15e11ef:0x210db24c82518be9!8m2!3d21.1150171!4d79.1064165!16s%2Fg%2F11hctvh3_4!19sChIJ7xFeoVO_1DsR6YtRgkyyDSE?authuser=0&hl=en&rclk=1"
"i-Dream Softech Pvt Ltd","4.4","40","Software company","Sadguru Sahniwas, Omkar Nagar, Besides, College, Chakrapni, Nagpur, Maharashtra 440024","http://www.idreamstech.com/","","https://www.google.com/maps/place/i-Dream+Softech+Pvt+Ltd/data=!4m7!3m6!1s0x3bd4bfbc25845901:0x43db126596bc9f19!8m2!3d21.0972926!4d79.0913737!16s%2Fg%2F12hn0chrd!19sChIJAVmEJby_1DsRGZ-8lmUS20M?authuser=0&hl=en&rclk=1"
"Brisa Technologies","","","Software company","51, Square Fly Over, Gurugrupa, Old Sneha, Chatrapati Nagar, Nagpur, Maharashtra 440015","https://brisa-tech.com/","","https://www.google.com/maps/place/Brisa+Technologies/data=!4m7!3m6!1s0x3bd4bfd9aee3cab1:0x92acedb5deec279f!8m2!3d21.1084754!4d79.0680027!16s%2Fg%2F11k9b5dzf2!19sChIJscrjrtm_1DsRnyfs3rXtrJI?authuser=0&hl=en&rclk=1"
"Intective Info Tech","5.0","1","Software company","Plot No. 26, Pawanbhoomi Wardha Rd, Shriram Nagar, Narendra Nagar, Somalwada, Nagpur, Maharashtra 440025","","087888 67037","https://www.google.com/maps/place/Intective+Info+Tech/data=!4m7!3m6!1s0x3bd4bf310ebaaaad:0x283a2f3666ab80d4!8m2!3d21.1015677!4d79.0714875!16s%2Fg%2F11fsfjq0z8!19sChIJraq6DjG_1DsR1ICrZjYvOig?authuser=0&hl=en&rclk=1"
"Projec10 Construction Technologies Pvt. Ltd.","","","Software company","","http://www.projec10.com/","+1 214-377-0400","https://www.google.com/maps/place/Projec10+Construction+Technologies+Pvt.+Ltd./data=!4m7!3m6!1s0x3bd4c19fa0e91f89:0x7a50a4c4a98a96cc!8m2!3d21.1610858!4d79.0725101!16s%2Fg%2F11rc6yw2vj!19sChIJiR_poJ_B1DsRzJaKqcSkUHo?authuser=0&hl=en&rclk=1"
"ReadHead Solutions","5.0","5","Software company","MIG, 1st Floor, P. NO.1-64, above Hitachi ATM, beside Hasanbagh Police Station, Nandanvan, Nagpur, Maharashtra 440024","http://readheadsolutions.co.in/","092849 83673","https://www.google.com/maps/place/ReadHead+Solutions/data=!4m7!3m6!1s0x3bd4c7fe8b5e1555:0xd7b89e8522363976!8m2!3d21.1352484!4d79.1245199!16s%2Fg%2F11f636_wnh!19sChIJVRVei_7H1DsRdjk2IoWeuNc?authuser=0&hl=en&rclk=1"
"Ninana Technologies Private Limited","","","Software company","","https://ninana.in/","084479 81252","https://www.google.com/maps/place/Ninana+Technologies+Private+Limited/data=!4m7!3m6!1s0x3bd4c1cf740bb6cd:0xeca0b73e4ed3878f!8m2!3d21.0680074!4d82.7525294!16s%2Fg%2F11fphhq7r5!19sChIJzbYLdM_B1DsRj4fTTj63oOw?authuser=0&hl=en&rclk=1"
"Master's Infotech","5.0","2","Software company","194A, Shiv Nagar, Azamshah Layout, Nagpur, Maharashtra 440024","http://mastersinfotechs.com/","095036 01480","https://www.google.com/maps/place/Master%27s+Infotech/data=!4m7!3m6!1s0x3bd4c76a5fb1d4c3:0x5aefc0f2ca771220!8m2!3d21.132021!4d79.118923!16s%2Fg%2F11n5h99rpy!19sChIJw9SxX2rH1DsRIBJ3yvLA71o?authuser=0&hl=en&rclk=1"
"Trust Infotech India","4.2","10","Software company","","https://trustinfotech.co.in/","","https://www.google.com/maps/place/Trust+Infotech+India/data=!4m7!3m6!1s0x3bd4c1cbfa6ebd8f:0x3a27e3689cec0ae2!8m2!3d21.1610858!4d79.0725101!16s%2Fg%2F11qg27vjks!19sChIJj71u-svB1DsR4grsnGjjJzo?authuser=0&hl=en&rclk=1"
"Liza Technologies","","","Software company","Gandhi Gate, B B Complex, beside Masjid - مسجد, Mahal, Nagpur, Maharashtra 440034","http://www.tailobill.com/","080877 85316","https://www.google.com/maps/place/Liza+Technologies/data=!4m7!3m6!1s0x3bd4c12f0f29729d:0x33a277bac69eb7d4!8m2!3d21.1455055!4d79.1037013!16s%2Fg%2F11pwymdxpw!19sChIJnXIpDy_B1DsR1Leexrp3ojM?authuser=0&hl=en&rclk=1"
"Fastfix Technologies Pvt. Ltd","5.0","7","Computer repair service","Deo Nagar Square, Vivekanand Nagar, Nagpur, Maharashtra 440015","http://fastfixit.in/","098236 05908","https://www.google.com/maps/place/Fastfix+Technologies+Pvt.+Ltd/data=!4m7!3m6!1s0x3bd4bf7ec1aaaaab:0xd3903fa01f3d0ff0!8m2!3d21.1155608!4d79.0684835!16s%2Fg%2F11tf9l4_48!19sChIJq6qqwX6_1DsR8A89H6A_kNM?authuser=0&hl=en&rclk=1"